closed_at_utc,symbol,side,qty,exit_price,gross_pnl_usdt,exit_fee_usdt,notional_usdt,role,planned_risk_usdt,strategy_tag,rule_violation,note
2025-06-02 13:16:51,BTCUSDT,short,0.2619,99418.2,-253.14,5.2075,26037.63,taker,150,B,,
2025-06-04 10:14:15,BTCUSDT,long,0.4453,101665.8,134.4,9.0544,45271.77,taker,150,A,,
2025-06-04 22:13:24,BTCUSDT,long,0.206,104080.0,-114.43,4.2881,21440.47,maker,150,B,,
2025-06-05 02:15:56,BTCUSDT,long,0.8088,104818.5,-143.99,16.9554,84777.19,taker,150,A,,
2025-06-06 22:51:01,BTCUSDT,short,0.9759,105076.6,-253.07,20.5089,102544.28,taker,150,C,,
2025-06-08 08:57:58,BTCUSDT,short,0.1999,106135.0,-92.07,4.2433,21216.39,taker,150,A,,
2025-06-10 10:40:17,BTCUSDT,long,0.1683,103834.9,-210.88,3.4951,17475.41,taker,150,C,,
2025-06-10 23:21:56,BTCUSDT,long,0.2661,105598.2,35.77,5.6199,28099.69,taker,150,B,,
2025-06-11 08:15:53,BTCUSDT,short,0.323,105183.7,262.97,6.7949,33974.34,taker,150,B,,
2025-06-13 17:55:37,BTCUSDT,short,0.5624,103628.6,-147.84,11.6561,58280.71,taker,150,A,,
2025-06-16 00:26:29,BTCUSDT,long,0.8155,104396.7,-174.74,17.0271,85135.5,maker,150,B,,
2025-06-18 07:31:11,BTCUSDT,short,0.1899,102775.9,331.18,3.9034,19517.15,taker,150,C,,
2025-06-19 17:48:03,BTCUSDT,short,0.4702,103635.6,416.31,9.7459,48729.47,taker,150,C,,
2025-06-21 05:25:20,BTCUSDT,long,0.5525,104965.6,-214.09,11.5987,57993.49,taker,150,B,,
2025-06-22 03:57:24,BTCUSDT,short,1.111,103782.4,-115.93,23.0604,115302.21,taker,150,B,,
2025-06-23 00:16:00,BTCUSDT,short,0.173,104536.1,-125.73,3.6169,18084.74,taker,150,B,,
2025-06-25 03:07:50,BTCUSDT,long,0.1309,101648.0,-301.45,2.6611,13305.72,maker,150,A,,
2025-06-26 10:30:35,BTCUSDT,short,0.4893,99887.7,355.06,9.775,48875.03,taker,150,B,,
2025-06-27 04:42:57,BTCUSDT,short,0.6567,99021.3,-84.59,13.0055,65027.27,maker,150,A,,
2025-06-28 01:11:50,BTCUSDT,short,0.7224,98822.7,-30.65,14.2779,71389.49,maker,150,A,,
2025-06-30 04:36:20,BTCUSDT,short,1.0991,96436.5,-202.43,21.1987,105993.34,maker,150,B,,
2025-07-01 08:59:26,BTCUSDT,long,0.4849,92457.6,-43.76,8.9665,44832.7,taker,150,C,,
2025-07-02 05:59:17,BTCUSDT,short,1.1618,93126.8,-134.3,21.6389,108194.7,maker,150,B,,
2025-07-04 13:13:12,BTCUSDT,short,0.0565,94497.3,-255.59,1.0678,5339.1,maker,150,C,,
2025-07-06 13:01:19,BTCUSDT,short,0.5363,97798.5,-103.2,10.4899,52449.36,maker,150,A,,
2025-07-09 00:25:00,BTCUSDT,long,0.7547,97832.4,362.93,14.7668,73834.1,taker,150,B,,
2025-07-10 07:47:22,BTCUSDT,long,0.8985,98494.2,-108.12,17.6994,88497.03,maker,150,B,,
2025-07-11 06:06:15,BTCUSDT,long,0.6864,100621.8,354.84,13.8134,69066.83,maker,150,C,,
2025-07-11 14:05:30,BTCUSDT,short,1.1821,99561.3,-163.71,23.5383,117691.36,maker,150,C,,
2025-07-13 05:04:43,BTCUSDT,long,1.0676,96254.5,-118.98,20.5523,102761.27,taker,150,B,,
2025-07-15 07:06:23,BTCUSDT,long,0.7908,92085.1,-119.33,14.5642,72820.92,taker,150,C,,
2025-07-16 22:34:00,BTCUSDT,long,1.1349,95222.5,300.09,21.6136,108068.06,maker,150,C,,
2025-07-19 04:04:27,BTCUSDT,short,1.1208,93807.0,-63.71,21.0278,105138.84,taker,150,C,,
2025-07-19 10:23:19,BTCUSDT,long,0.6986,92970.3,-111.45,12.9898,64949.03,taker,150,C,,
2025-07-20 05:25:28,BTCUSDT,short,0.9051,90315.6,708.94,16.3489,81744.62,maker,150,C,,
2025-07-21 19:41:54,BTCUSDT,long,0.6773,90432.5,-265.96,12.25,61249.91,taker,150,A,,
2025-07-23 23:06:29,BTCUSDT,long,0.5829,87960.4,93.13,10.2544,51272.13,taker,150,B,,
2025-07-25 16:09:11,BTCUSDT,long,0.2013,88249.8,-108.16,3.5529,17764.68,taker,150,B,,
2025-07-26 08:04:18,BTCUSDT,long,0.3097,86367.5,-16.93,5.3496,26748.01,maker,150,C,,
2025-07-27 15:59:34,BTCUSDT,long,0.117,86754.1,-167.38,2.03,10150.23,maker,150,B,,
2025-07-29 11:09:15,BTCUSDT,short,0.466,85065.6,-172.86,7.9281,39640.58,maker,150,C,,
2025-07-30 16:23:47,BTCUSDT,short,0.6977,84653.6,287.96,11.8126,59062.82,taker,150,B,,
2025-08-01 12:36:20,BTCUSDT,short,1.1131,84366.6,177.88,18.7817,93908.47,maker,150,B,,
2025-08-03 13:45:33,BTCUSDT,long,1.0387,84723.1,-42.24,17.6004,88001.85,taker,150,B,,
2025-08-04 14:48:15,BTCUSDT,long,0.6081,83284.5,-127.03,10.1291,50645.32,taker,150,B,,
2025-08-05 02:45:06,BTCUSDT,long,0.9884,82669.2,-318.9,16.3421,81710.25,taker,150,A,,
2025-08-05 12:19:24,BTCUSDT,long,0.8375,80974.5,-222.33,13.5632,67816.18,maker,150,A,,
2025-08-07 17:55:25,BTCUSDT,short,0.2718,80973.1,220.77,4.4017,22008.49,maker,150,A,,
2025-08-10 02:27:50,BTCUSDT,long,0.1788,79731.4,-167.09,2.8512,14255.97,maker,150,A,,
2025-08-10 23:02:48,BTCUSDT,long,0.6093,81153.0,-97.5,9.8893,49446.53,maker,150,C,,
2025-08-12 01:06:44,BTCUSDT,long,1.0759,82973.0,-316.13,17.8541,89270.67,taker,150,C,,
2025-08-13 22:55:41,BTCUSDT,short,0.7518,82475.0,-287.37,12.4009,62004.73,taker,150,A,,
2025-08-15 05:29:57,BTCUSDT,short,0.8088,82850.2,-95.38,13.4019,67009.26,taker,150,A,,
2025-08-17 00:19:44,BTCUSDT,long,0.8454,83919.5,-118.1,14.1891,70945.58,maker,150,A,,
2025-08-17 20:44:09,BTCUSDT,short,0.9536,80504.2,-29.72,15.3538,76768.76,taker,150,A,,
2025-08-19 18:17:58,BTCUSDT,short,0.159,80059.8,-83.55,2.5459,12729.51,taker,150,C,,
2025-08-21 10:40:31,BTCUSDT,long,0.4759,79136.9,719.46,7.5323,37661.27,taker,150,B,,
2025-08-22 17:08:01,BTCUSDT,long,0.2121,82754.4,-237.56,3.5104,17552.2,taker,150,C,,
2025-08-24 14:08:22,BTCUSDT,long,0.6388,83257.1,687.92,10.6369,53184.62,maker,150,A,,
2025-08-26 16:14:08,BTCUSDT,short,1.0922,86942.0,30.34,18.9916,94958.05,taker,150,C,,
